{"cameraMode":{"drawMode":0,"name":"Shaded","section":"Shading Mode"},"sceneLighting":false,"audioPlay":false,"sceneViewState":{"showFog":false,"showMaterialUpdate":false,"showSkybox":false,"showFlares":false,"showImageEffects":false,"showParticleSystems":false},"in2DMode":false,"pivot":{"x":-22.05013656616211,"y":1.4940032958984376,"z":20.85498046875},"rotation":{"x":0.4285600483417511,"y":0.5539153218269348,"z":-0.40285927057266238,"w":0.5892539620399475},"size":2.6202707290649416,"orthographic":false}