{"cameraMode":{"drawMode":0,"name":"Shaded","section":"Shading Mode"},"sceneLighting":false,"audioPlay":false,"sceneViewState":{"showFog":false,"showMaterialUpdate":false,"showSkybox":false,"showFlares":false,"showImageEffects":false,"showParticleSystems":false},"in2DMode":false,"pivot":{"x":0.06839227676391602,"y":2.0712203979492189,"z":15.007354736328125},"rotation":{"x":0.001664834446273744,"y":0.9378774762153626,"z":-0.34693968296051028,"w":0.004502760246396065},"size":3.452780246734619,"orthographic":false}