{"cameraMode":{"drawMode":0,"name":"Shaded","section":"Shading Mode"},"sceneLighting":true,"audioPlay":false,"sceneViewState":{"showFog":false,"showMaterialUpdate":false,"showSkybox":true,"showFlares":false,"showImageEffects":false,"showParticleSystems":false},"in2DMode":false,"pivot":{"x":-0.0023287609219551088,"y":3.1570892333984377,"z":1.034930944442749},"rotation":{"x":-0.20580413937568665,"y":0.015262381173670292,"z":-0.003210097784176469,"w":-0.9784761667251587},"size":1.3004016876220704,"orthographic":false}