{"cameraMode":{"drawMode":0,"name":"Shaded","section":"Shading Mode"},"sceneLighting":true,"audioPlay":false,"sceneViewState":{"showFog":false,"showMaterialUpdate":false,"showSkybox":true,"showFlares":false,"showImageEffects":false,"showParticleSystems":false},"in2DMode":false,"pivot":{"x":-1.4382238388061524,"y":-4.926874160766602,"z":4.265487194061279},"rotation":{"x":0.06496886163949967,"y":-0.9107770919799805,"z":0.3763085901737213,"w":0.15725436806678773},"size":46.50971603393555,"orthographic":false}